Type,SKU,Name,Published,Is featured?,Visibility in catalog,Short description,Description,Regular price,Sale price,Categories,Tags,Images,Virtual,Downloadable,Download 1 name,Download 1 URL,Meta: _booknest_author,Meta: _booknest_pages,Meta: _booknest_format,Meta: _booknest_language,Meta: _booknest_file_size,Meta: _booknest_bestseller
simple,BN-001,The Midnight Library,1,1,visible,A novel about infinite lives and second chances.,<p>Between life and death there is a library—and every book is a different life you might have lived.</p>,12.99,9.99,Fiction,fiction|bestseller,https://via.placeholder.com/400x533/4F46E5/FFFFFF?text=Midnight+Library,1,1,ebook-pdf,https://example.com/downloads/midnight-library.pdf,Matt Haig,288,"PDF, EPUB",English,2.4 MB,1
simple,BN-002,Atomic Habits,1,1,visible,Tiny changes remarkable results.,<p>Practical strategies to build good habits and break bad ones.</p>,14.99,,Business,productivity|habits,https://via.placeholder.com/400x533/F59E0B/0F172A?text=Atomic+Habits,1,1,ebook-pdf,https://example.com/downloads/atomic-habits.pdf,James Clear,320,PDF,English,3.1 MB,1
simple,BN-003,Deep Work,1,0,visible,Rules for focused success in a distracted world.,<p>Learn how to cultivate deep focus in your professional life.</p>,11.99,8.99,Business,focus|career,https://via.placeholder.com/400x533/0F172A/F8FAFC?text=Deep+Work,1,1,ebook-pdf,https://example.com/downloads/deep-work.pdf,Cal Newport,256,"PDF, EPUB",English,2.8 MB,1
simple,BN-004,The Alchemist,1,0,visible,A fable about following your dream.,<p>Santiago's journey teaches us to listen to our hearts.</p>,9.99,,Fiction,classic|inspiration,https://via.placeholder.com/400x533/6366F1/FFFFFF?text=Alchemist,1,1,ebook-pdf,https://example.com/downloads/alchemist.pdf,Paulo Coelho,208,EPUB,English,1.9 MB,0
simple,BN-005,Clean Code,1,0,visible,A handbook of agile software craftsmanship.,<p>Best practices for writing readable, maintainable code.</p>,29.99,24.99,Technology,programming|software,https://via.placeholder.com/400x533/334155/F8FAFC?text=Clean+Code,1,1,ebook-pdf,https://example.com/downloads/clean-code.pdf,Robert C. Martin,464,"PDF, MOBI",English,8.2 MB,1
simple,BN-006,The Lean Startup,1,0,visible,How entrepreneurs use continuous innovation.,<p>Build-measure-learn for modern startups.</p>,13.99,,Business,startup|entrepreneurship,https://via.placeholder.com/400x533/4F46E5/FFFFFF?text=Lean+Startup,1,1,ebook-pdf,https://example.com/downloads/lean-startup.pdf,Eric Ries,336,PDF,English,3.5 MB,0
simple,BN-007,Mindset,1,0,visible,The new psychology of success.,<p>Fixed vs growth mindset in learning and achievement.</p>,10.99,,Self-Help,psychology|growth,https://via.placeholder.com/400x533/F59E0B/0F172A?text=Mindset,1,1,ebook-pdf,https://example.com/downloads/mindset.pdf,Carol S. Dweck,320,"PDF, EPUB",English,2.6 MB,0
simple,BN-008,Where the Crawdads Sing,1,1,visible,Mystery and coming-of-age on the marsh.,<p>Kya Clark's story unfolds with lush atmosphere.</p>,12.99,10.99,Fiction,mystery|drama,https://via.placeholder.com/400x533/0F172A/F8FAFC?text=Crawdads,1,1,ebook-pdf,https://example.com/downloads/crawdads.pdf,Delia Owens,384,EPUB,English,3.0 MB,1
simple,BN-009,JavaScript: The Good Parts,1,0,visible,Unearthing the excellence in JavaScript.,<p>Essential patterns for professional JS development.</p>,19.99,,Technology,javascript|web,https://via.placeholder.com/400x533/6366F1/FFFFFF?text=JS+Good+Parts,1,1,ebook-pdf,https://example.com/downloads/js-good-parts.pdf,Douglas Crockford,176,PDF,English,2.1 MB,0
simple,BN-010,The Very Hungry Caterpillar,1,0,visible,Beloved children's classic.,<p>A caterpillar eats his way through an unforgettable week.</p>,6.99,,Kids,children|picture-book,https://via.placeholder.com/400x533/F59E0B/0F172A?text=Caterpillar,1,1,ebook-pdf,https://example.com/downloads/hungry-caterpillar.pdf,Eric Carle,26,PDF,English,12 MB,0
simple,BN-011,Becoming,1,0,visible,Memoir by Michelle Obama.,<p>Intimate reflections from the former First Lady.</p>,15.99,12.99,Biography,memoir|inspiration,https://via.placeholder.com/400x533/4F46E5/FFFFFF?text=Becoming,1,1,ebook-pdf,https://example.com/downloads/becoming.pdf,Michelle Obama,448,"PDF, EPUB, MOBI",English,5.4 MB,1
simple,BN-012,Digital Minimalism,1,0,visible,Choosing a focused life in a noisy world.,<p>Reclaim your attention from technology overload.</p>,11.49,,Self-Help,digital|wellness,https://via.placeholder.com/400x533/334155/F8FAFC?text=Digital+Minimalism,1,1,ebook-pdf,https://example.com/downloads/digital-minimalism.pdf,Cal Newport,284,PDF,English,2.2 MB,0
